"instant";"season";"yr";"mnth";"holiday";"weekday";"workingday";"weathersit";"temp";"atemp";"hum";"windspeed";"cnt"
154;2.0;0;6;0;5;1;1;24.8;0.587133;53.12505;0.253121;5312
685;4.0;1;11;0;4;1;2;12.8667;0.324492;93.06255;0.15298699999999998;5445
368;1.0;1;1;0;2;1;1;6.0;0.126275;66.1875;0.365671;2236
472;2.0;1;4;1;1;0;1;26.5667;0.614925;84.25005;0.284829;6370
442;1.0;1;3;0;-1;0;2;20.5667;0.505046;113.37495;0.110704;7836
257;3.0;0;9;0;3;1;1;26.9333;0.6269;104.56245;0.1673;4785
413;1.0;1;2;0;5;1;1;13.7333;0.35162899999999997;93.8451999116608;0.205846;4154
643;4.0;1;10;0;4;1;2;26.3;0.607975;108.43755;0.117546;7328
274;2.436802973977695;0;10;0;6;0;2;16.4;0.41286300000000004;113.0625;0.292296;2429
129;2.0;0;5;0;1;1;1;21.3;0.525246;88.3125;0.17600000000000002;4362
175;3.0;0;6;0;5;1;1;28.9667;0.656583;85.99995;0.222025;4991
213;3.0;0;8;0;1;1;1;30.8667;0.703292;93.8451999116608;0.156717;4266
533;2.0;1;6;0;6;0;1;25.2667;0.594708;75.62505;0.166667;7702
590;3.0;1;8;0;0;0;1;28.0333;0.644579;79.56255;0.122512;6544
221;3.0;0;8;0;2;1;1;31.0;0.724121;85.56255;0.151121;4602
269;2.436802973977695;0;9;0;1;1;2;25.9667;0.589042;127.24995;0.1107;4630
417;1.0;1;2;0;2;1;1;11.513;0.295113;89.1522;0.205717;3777
30;1.0;0;1;0;0;0;1;8.6609;0.250322;108.3261;0.0739826;1096
565;3.0;1;7;0;3;1;1;31.7333;0.745583;86.56245;0.137442;5713
594;3.0;1;8;0;4;1;1;28.7667;0.654688;77.87505;0.141796;7605
135;2.0;0;5;0;0;0;2;22.5;0.536;130.06245;0.152979;4553
425;1.0;1;2;0;3;1;2;13.7739;0.34847;120.71745;0.179117;1834
227;3.0;0;8;0;1;1;1;26.6333;0.616167;106.81245;0.208954;4338
502;2.0;1;5;0;3;1;1;25.4667;0.595975;104.68755;0.122512;7424
524;2.0;1;6;0;4;1;1;24.1;0.569442;93.8451999116608;0.15735;7494
188;3.0;0;7;0;4;1;1;30.0;0.686871;93.8451999116608;0.1592;4592
9;1.0;0;1;0;0;0;1;5.5333;0.116175;65.12505;0.36195;822
378;1.0;1;1;0;5;1;1;10.9667;0.249362;76.125;0.378108;3214
722;1.0;1;12;0;6;0;1;10.6333;0.23611300000000002;66.1875;0.407346;1749
4;1.0;0;1;0;2;1;1;8.0;0.21212199999999998;88.56525;0.160296;1562
557;2.436802973977695;1;7;0;2;1;2;28.8333;0.664796;100.125;0.15173699999999998;6290
144;2.0;0;5;0;2;1;2;26.4;0.604813;111.12495;0.207092;4492
481;2.0;1;4;0;3;1;1;19.0667;0.470317;64.18755;0.11879200000000001;6196
578;3.0;1;7;0;2;1;1;28.5333;0.662896;105.62505;0.165425;7216
564;3.0;1;7;0;2;1;1;32.7333;0.755683;75.87495;0.114429;6786
683;2.436802973977695;1;11;0;2;1;2;13.7333;0.323225;99.43755;0.342046;4094
699;4.0;1;11;0;4;1;1;11.2348;0.29842199999999997;83.3478;0.115522;5323
637;4.0;1;9;0;5;1;2;24.7667;0.585863;103.5;0.164179;7415
548;3.0;1;7;0;0;0;1;32.6333;0.750629;93.8451999116608;0.16852899999999998;5531
261;3.0;0;9;0;0;0;1;20.3;0.490537;104.25;0.178483;4274
626;3.0;1;9;0;1;1;2;23.2333;0.55305;110.18745;0.15174200000000002;6869
681;4.0;1;11;0;0;0;1;16.8333;0.421713;98.87505;0.1275;6852
397;1.0;1;2;0;3;1;1;18.7667;0.466538;76.18755;0.189067;4579
8;1.0;0;1;0;6;0;2;6.6;0.162254;80.37495;0.266804;959
354;4.0;0;12;0;2;1;2;15.4333;0.396454;89.31255;0.06157080000000001;3750
304;4.0;0;10;0;1;1;1;13.6;0.356063;105.49995;0.10635;3669
597;3.0;1;8;0;0;0;2;25.4333;0.603554;93.8451999116608;0.08645;4549
464;2.436802973977695;1;4;0;0;0;1;20.0;0.492425;41.37495;0.232596;5169
119;2.0;0;4;0;5;1;1;20.4;0.497463;68.56245;0.240063;4595
132;2.0;0;5;0;4;1;1;21.4;0.523363;93.8451999116608;0.189667;4864
562;2.436802973977695;1;7;0;0;0;1;29.8333;0.705196;107.68755;0.166667;6031
441;1.0;1;3;0;5;1;2;17.4333;0.436229;126.31245;0.113192;4378
608;3.0;1;8;0;4;1;1;28.2667;0.652779;88.56255;0.0771167;7713
163;2.0;0;6;0;0;0;1;27.7;0.643325;112.18755;0.16356700000000002;4460
44;1.0;0;2;0;0;0;1;12.6609;0.324113;68.60865;0.260883;1589
367;1.0;1;1;1;1;0;1;10.9217;0.252304;57.1956;0.329665;1951
529;2.0;1;6;0;2;1;2;26.1333;0.597875;124.99995;0.21454600000000001;4972
669;4.0;1;10;0;2;1;2;12.7273;0.309909;123.81825;0.213009;1096
321;4.0;0;11;0;4;1;2;13.6667;0.323221;86.37495;0.30536199999999997;3053
232;2.436802973977695;0;8;0;6;0;1;27.9;0.648996;101.12505;0.104467;5191
702;4.0;1;12;0;0;0;2;13.9;0.35920799999999997;123.49995;0.12437899999999999;4649
303;4.0;0;10;0;0;0;1;12.7667;0.321329;93.5625;0.176617;3331
514;2.0;1;5;1;1;0;1;28.5;0.6793;101.4375;0.196521;6043
501;2.0;1;5;0;2;1;2;24.4667;0.576404;119.18745;0.147392;5115
401;1.0;1;2;0;0;0;2;10.6333;0.264521;103.18755;0.175996;2947
341;4.0;0;12;0;3;1;3;16.4;0.400246;93.8451999116608;0.266175;705
277;4.0;0;10;0;2;1;1;19.3667;0.472858;106.5;0.205854;4456
408;1.0;1;2;0;0;0;1;5.1;0.101658;69.68745;0.40921199999999996;1529
682;4.0;1;11;1;1;0;1;19.4;0.475383;111.25005;0.173517;6269
206;3.0;0;7;0;1;1;1;29.7333;0.720958;113.56245;0.09080830000000001;3840
190;3.0;0;7;0;6;0;1;29.3333;0.664158;91.37505;0.16791199999999998;5336
202;3.0;0;7;0;4;1;2;32.6;0.826371;103.6875;0.222021;3784
620;2.436802973977695;1;9;0;2;1;1;23.1;0.554292;78.0;0.09205419999999999;7767
100;2.0;0;4;0;0;0;2;17.0667;0.426737;128.625;0.146767;2895
312;4.0;0;11;0;-1;1;1;16.3333;0.412246;108.25005;0.0690375;4205
554;3.0;1;7;0;6;0;1;34.4667;0.804913;73.81245;0.163554;4840
208;2.436802973977695;0;7;0;3;1;1;31.0;0.690667;60.43755;0.18346300000000001;4656
661;4.0;1;10;0;1;1;1;19.5;0.482942;85.24995;0.08148330000000001;7058
162;2.0;0;6;0;6;0;1;29.0;0.678038;98.18745;0.15485;4966
316;4.0;0;11;0;-1;0;1;14.2667;0.357942;82.93755;0.212062;4067
353;4.0;0;12;0;1;1;1;11.0667;0.280933;95.625;0.172896;3403
726;1.0;1;12;0;3;1;3;9.7333;0.220333;123.49995;0.316546;441
654;4.0;1;10;0;1;1;2;22.4667;0.53915;93.8451999116608;0.296037;5875
599;3.0;1;8;0;2;1;1;25.9667;0.601025;101.0625;0.07277080000000001;7006
680;2.436802973977695;1;11;0;6;0;1;15.5667;0.393937;96.81255;0.05784580000000001;6536
447;2.0;1;3;0;4;1;1;22.1667;0.531567;124.6875;0.11756199999999999;6871
339;2.436802973977695;0;12;0;1;1;2;15.4333;0.393925;124.06245;0.06220830000000001;3811
512;2.0;1;5;0;6;0;1;27.7;0.642696;109.875;0.198992;6536
420;1.0;1;2;0;5;1;2;16.3;0.41097100000000003;110.625;0.237567;3487
248;3.0;0;9;1;1;0;2;26.9333;0.625646;118.56255;0.212696;3351
1;2.436802973977695;0;1;0;6;0;2;13.7667;0.363625;120.87495;0.160446;985
648;4.0;1;10;0;2;1;2;17.8667;0.438112;114.25005;0.1903;6392
313;4.0;0;11;0;-1;1;1;16.0;0.40907899999999997;113.74995;0.06219580000000001;4109
88;2.0;0;3;0;2;1;1;12.1;0.292908;47.12505;0.226996;2425
83;2.0;0;3;0;4;1;2;11.4;0.270833;120.87495;0.24378699999999998;1865
305;4.0;0;11;0;2;1;1;16.0333;0.397088;102.5625;0.135571;4068
465;2.0;1;4;0;1;1;1;19.5667;0.476638;47.625;0.358196;5585
488;2.0;1;5;0;3;1;1;22.5667;0.537896;119.56245;0.138058;6169
615;2.436802973977695;1;9;0;4;1;2;27.8667;0.655329;121.56255;0.142421;6203
712;4.0;1;12;0;3;1;2;11.9;0.297338;80.74995;0.162937;5319
541;3.0;1;6;0;0;0;1;29.7333;0.674254;71.87505;0.145525;6891
510;2.436802973977695;1;5;0;4;1;1;26.2;0.6067;107.50005;0.172896;6770
157;2.0;0;6;0;1;1;1;27.1333;0.621858;90.0;0.121896;4548
373;1.0;1;1;0;0;0;1;13.5;0.340258;69.75;0.19154200000000002;3425
161;2.0;0;6;0;5;1;1;30.2;0.703292;90.75;0.14055399999999998;4586
314;4.0;0;11;0;-1;1;2;15.2;0.373721;121.99995;0.189067;2933
179;3.0;0;6;0;2;1;1;29.7667;0.692558;95.12505;0.144283;4648
716;2.436802973977695;1;12;0;0;0;2;14.5;0.369938;125.8125;0.100742;3786
398;1.0;1;2;0;4;1;2;15.9667;0.398971;93.8451999116608;0.187187;3761
229;3.0;0;8;0;3;1;1;28.9333;0.666671;86.31255;0.14366700000000002;4694
439;1.0;1;3;0;3;1;1;22.9;0.548617;76.06245;0.11506199999999998;6312
103;2.0;0;4;0;3;1;2;16.5;0.417283;122.87505;0.25061700000000003;2162
545;3.0;1;6;0;4;1;1;29.9667;0.675512;63.375;0.17165;6879
596;3.0;1;8;0;6;0;1;27.1333;0.618071;90.49995;0.177867;7865
315;4.0;0;11;1;-1;0;1;12.9667;0.306817;66.9375;0.314675;3368
694;4.0;1;11;0;6;0;1;11.1333;0.24874200000000002;93.8451999116608;0.376871;2277
540;3.0;1;6;0;6;0;1;29.2667;0.652792;80.18745;0.179721;7458
490;2.0;1;5;0;5;1;1;25.1;0.590917;110.31255;0.162938;6296
588;3.0;1;8;0;5;1;2;28.6333;0.667942;107.37495;0.238813;5786
656;4.0;1;10;0;3;1;1;18.2333;0.450108;93.8451999116608;0.101371;7461
92;2.0;0;4;0;6;0;2;12.6;0.315637;98.0625;0.19714600000000002;2252
359;1.0;0;12;0;0;0;1;10.9913;0.279961;102.1956;0.155091;754
496;2.0;1;5;0;4;1;1;20.2333;0.49178299999999997;82.81245;0.31406300000000004;6572
362;1.0;0;12;0;3;1;1;11.9652;0.279974;75.58695;0.29396100000000003;2302
254;3.0;0;9;0;0;0;1;26.1333;0.609229;107.0625;0.11505399999999999;5046
421;1.0;1;2;0;6;0;1;11.6333;0.255675;59.37495;0.421642;2732
296;4.0;0;10;0;0;0;1;16.8667;0.422333;111.1875;0.0995125;4381
639;4.0;1;9;0;0;0;1;21.0667;0.517663;87.49995;0.134958;6889
146;2.0;0;5;0;4;1;1;28.3333;0.654688;101.625;0.19964200000000001;4677
197;3.0;0;7;0;6;0;1;27.4667;0.638263;87.75;-1.0;5923
619;3.0;1;9;0;1;1;1;23.3333;0.565654;75.5625;0.258713;7525
252;3.0;0;9;0;5;1;2;26.0;0.578946;134.68755;0.12437899999999999;3544
241;3.0;0;8;0;1;1;1;25.4667;0.607958;83.18745;0.159825;4634
357;1.0;0;12;0;5;1;1;14.9333;0.377513;102.9375;0.274246;2209
185;3.0;0;7;1;1;0;2;29.0667;0.665417;95.68755;0.08147919999999999;6043
361;1.0;0;12;0;2;1;2;13.0;0.327633;114.375;0.18845;1162
471;2.0;1;4;0;0;0;1;24.2667;0.573875;76.18755;0.225129;7132
65;1.0;0;3;0;0;0;2;15.0609;0.366252;142.23915;0.343287;605
698;4.0;1;11;0;3;1;1;11.8667;0.28976199999999996;75.9375;0.210821;5260
189;3.0;0;7;0;5;1;2;28.3667;0.6704829999999999;113.68755;0.225129;4040
641;4.0;1;10;0;2;1;3;23.6333;0.542333;130.75005;0.104475;4639
255;3.0;0;9;0;1;1;1;25.7739;0.60213;103.8261;0.088913;4713
473;2.0;1;4;0;2;1;1;24.3333;0.598487;58.56255;0.273629;6691
509;2.0;1;5;0;3;1;2;24.8667;0.584612;116.18745;0.102;5260
67;1.0;0;3;0;2;1;1;11.7;0.3024;63.12495;0.12065;2133
240;3.0;0;8;0;0;0;1;28.2824;0.6479590000000001;84.26475;0.304659;4334
71;1.0;0;3;0;6;0;1;13.1667;0.32575;89.18745;0.220775;2132
485;2.0;1;4;0;0;0;1;18.3333;0.450121;88.06245;0.116908;6304
652;4.0;1;10;0;6;0;1;15.7333;0.391396;74.18745;0.146142;7109
721;1.0;1;12;0;5;1;2;13.0667;0.301767;83.50005;0.37438299999999997;3623
242;3.0;0;8;0;2;1;1;25.5667;0.594704;82.24995;0.12500799999999998;5204
234;3.0;0;8;0;1;1;1;27.6667;0.638254;70.5;0.27675;4758
66;1.0;0;3;0;1;1;1;10.4696;0.238461;82.6956;0.341352;1872
725;1.0;1;12;1;2;0;2;11.6522;0.29446500000000003;93.8451999116608;0.168726;1013
102;2.0;0;4;0;2;1;2;20.1;0.493054;110.87505;0.274879;2034
13;1.0;0;1;0;4;1;1;6.6;0.150883;70.56255;0.301;1406
399;2.436802973977695;1;2;0;5;1;1;12.5333;0.309346;79.00005;0.17849600000000002;4151
342;4.0;0;12;0;4;1;1;10.6333;0.256938;87.0;0.240058;3322
713;2.436802973977695;1;12;0;4;1;1;11.8333;0.294188;72.87495;0.174129;5532
253;3.0;0;9;0;6;0;1;26.4;0.607962;113.0625;0.153608;5345
184;2.436802973977695;0;7;0;0;0;2;28.6667;0.668575;102.375;0.228858;4649
214;3.0;0;8;0;2;1;1;31.3333;0.707071;73.6875;0.20585;4845
272;4.0;0;9;0;4;1;1;24.6667;0.574512;104.87505;0.17288299999999998;4839
582;3.0;1;8;0;6;0;1;31.7333;0.751267;91.99995;0.257458;6824
267;4.0;0;9;0;6;0;2;24.2667;0.564412;129.375;0.0783833;5423
433;1.0;1;3;0;4;1;1;21.1;0.524604;85.125;0.441563;5382
358;1.0;0;12;0;6;0;1;12.1;0.299242;81.375;0.190304;1011
97;2.0;0;4;0;4;1;1;17.5;0.433696;90.43755;0.16231199999999998;3141
363;1.0;0;12;0;4;1;1;9.9333;0.263892;86.12505;0.11941199999999999;2423
31;2.436802973977695;0;1;0;1;1;2;7.2333;0.18625;90.5625;0.187192;1501
117;2.0;0;4;0;3;1;2;24.8;0.575142;125.31255;0.3122;3872
332;4.0;0;11;0;1;1;1;20.1391;0.490122;111.45645;0.142122;3867
424;1.0;1;2;0;2;1;1;14.3667;0.353525;59.37495;0.193417;4363
489;2.0;1;5;0;4;1;2;22.4;0.537242;115.24995;0.133696;6421
428;1.0;1;3;0;6;0;2;16.5667;0.413492;93.1875;0.161079;4066
406;1.0;1;2;0;5;1;2;11.2333;0.293558;81.0;0.11692899999999999;3831
193;3.0;0;7;0;2;1;1;31.7667;0.739275;83.87505;0.200254;4258
415;1.0;1;2;0;0;0;2;11.2;0.265788;77.37495;0.253112;2689
508;2.0;1;5;0;2;1;2;24.6;0.580825;114.87495;0.11816700000000001;6073
385;1.0;1;1;0;5;1;2;8.7;0.220958;67.5;0.20275;3163
498;2.0;1;5;0;6;0;1;22.5667;0.544817;72.06255;0.12313299999999999;7429
372;2.436802973977695;1;1;0;6;0;1;15.7333;0.390779;79.75005;0.174758;4521
503;2.0;1;5;0;4;1;1;23.7333;0.572613;78.0;0.229475;7384
477;2.0;1;4;0;6;0;1;22.8;0.542921;102.43755;0.283587;6624
20;1.0;0;1;0;4;1;2;10.4667;0.25505;93.8451999116608;0.195904;1927
440;2.436802973977695;1;3;0;4;1;1;22.3;0.532825;86.93745;0.149883;6192
55;1.0;0;2;0;4;1;2;11.8261;0.289191;104.60865;0.250496;1807
587;3.0;1;8;0;4;1;1;30.2333;0.699508;93.06255;0.1561;7286
70;1.0;0;3;0;5;1;2;12.6609;0.305;97.43475;0.23296999999999998;1977
550;3.0;1;7;0;2;1;1;31.2333;0.70265;73.81245;0.126237;6660
110;2.0;0;4;0;3;1;1;23.8;0.564392;92.12505;0.241925;3944
243;2.436802973977695;0;8;0;3;1;1;26.2667;0.611121;89.68755;0.08333330000000001;5058
469;2.0;1;4;0;5;1;1;17.7;0.43180799999999997;61.24995;0.155471;6398
59;1.0;0;2;0;1;1;2;16.2909;0.400118;93.8451999116608;0.289686;1446
151;2.0;0;5;0;2;1;1;31.0;0.725383;95.50005;0.111329;3982
32;1.0;0;2;0;2;1;2;7.687;0.23453000000000002;124.43475;0.053212999999999996;1360
169;2.0;0;6;0;6;0;1;27.8667;0.643954;100.56255;0.11940799999999999;5119
517;2.0;1;5;0;4;1;1;27.2;0.631329;73.93755;0.195279;7338
696;4.0;1;11;0;1;1;1;12.5333;0.33900399999999997;80.31255;0.04665;5087
690;4.0;1;11;0;2;1;2;14.9667;0.38066700000000003;102.75;0.082725;5634
455;2.0;1;3;0;5;1;2;14.8;0.375621;87.12495;0.138067;5459
506;2.0;1;5;0;0;0;1;24.8333;0.583967;79.56255;0.254367;7129
91;2.0;0;4;0;5;1;2;12.0;0.283454;102.9375;0.258708;2227
260;3.0;0;9;0;6;0;2;19.6667;0.478512;107.74995;0.189675;4511
317;4.0;0;11;0;-1;0;1;17.6333;0.43055;68.74995;0.281721;3717
145;2.0;0;5;0;3;1;1;26.4333;0.615542;104.4375;0.15423299999999998;4978
695;4.0;1;11;0;0;0;1;9.8333;0.257583;70.24995;0.1505;2424
595;3.0;1;8;0;5;1;1;28.9333;0.2424;85.62495;0.231354;7148
519;2.0;1;6;0;6;0;1;23.3333;0.566288;82.37505;0.18656199999999998;8120
427;1.0;1;3;0;5;1;2;14.1333;0.359842;98.56245;0.144904;3194
515;2.0;1;5;0;2;1;1;28.9;0.672992;102.68745;0.2954;5743
670;4.0;1;10;0;3;1;2;14.3;0.3611;100.00005;0.166667;5566
284;4.0;0;10;0;2;1;2;22.6667;0.546096;121.3125;0.143042;4563
3;2.436802973977695;0;1;0;1;1;1;7.8546;0.189405;65.59095;0.248309;1349
49;1.0;0;2;0;5;1;1;20.8667;0.511983;77.50005;0.264925;2927
673;4.0;1;11;0;6;0;2;13.7333;0.323846;73.6875;0.270529;5138
323;2.436802973977695;0;11;0;6;0;1;13.1667;0.32448299999999997;75.31245;0.224496;3663
676;4.0;1;11;0;2;1;1;11.2333;0.281567;85.06245;0.173513;5686
142;2.436802973977695;0;5;0;0;0;1;24.1667;0.5745;112.43745;0.148008;4660
211;3.0;0;7;0;6;0;1;32.1667;0.728537;69.87495;0.168537;4475
437;1.0;1;3;0;1;1;1;18.6667;0.459592;73.37505;0.207713;5298
12;1.0;0;1;0;3;1;1;6.9091;0.160473;89.93175;0.304627;1162
598;3.0;1;8;0;1;1;2;25.4333;0.595967;110.12505;0.12997899999999998;6530
343;4.0;0;12;0;5;1;1;11.6333;0.317542;104.37495;0.08271669999999999;3620
526;2.0;1;6;0;6;0;1;28.4333;0.648367;65.56245;0.144287;7498
251;3.0;0;9;0;-1;1;3;25.3565;0.555361;140.93475;0.192748;1842
435;1.0;1;3;0;6;0;1;11.5;0.277767;52.56255;0.22575;4118
593;3.0;1;8;0;3;1;1;28.2667;0.654037;92.93745;0.169771;7347
394;1.0;1;1;0;0;0;1;11.3;0.272721;46.6875;0.24005;3243
228;3.0;0;8;0;2;1;1;28.0333;0.645837;86.74995;0.23632899999999998;4725
708;4.0;1;12;0;6;0;2;15.2667;0.38950799999999997;136.6875;0.101379;5582
42;1.0;0;2;0;5;1;1;7.5636;0.213509;75.9546;0.10855;1746
412;1.0;1;2;0;4;1;2;12.6667;0.330162;112.93755;0.091425;3005
360;1.0;0;12;1;1;0;1;12.8696;0.315535;76.04355;0.239465;1317
551;3.0;1;7;1;3;0;1;31.5667;0.732337;80.8125;0.13495;7403
390;1.0;1;1;0;3;1;1;11.7667;0.294821;96.5625;0.161071;4270
650;4.0;1;10;0;4;1;1;17.4;0.431167;69.49995;0.181596;7570
566;3.0;1;7;0;4;1;1;30.8;0.714642;90.06255;0.165429;6591
574;3.0;1;7;0;5;1;1;31.2667;0.734217;89.18745;0.15299200000000002;6904
266;4.0;0;9;0;5;1;2;24.3667;0.522125;145.875;0.0783667;2395
627;3.0;1;9;0;2;1;2;24.9333;0.565067;130.875;0.357587;4073
109;2.0;0;4;0;2;1;2;20.2333;0.48925799999999997;99.87495;0.157971;3204
612;3.0;1;9;1;1;0;1;28.3;0.661629;118.62495;0.151121;6034
63;1.0;0;3;0;5;1;2;10.4667;0.255679;91.56255;0.203346;1944
542;3.0;1;6;0;1;1;1;28.6333;0.654042;75.62505;0.300383;6779
636;4.0;1;9;0;4;1;2;26.0;0.607975;103.62495;0.13434200000000002;7393
167;2.0;0;6;0;4;1;2;25.1333;0.595346;103.24995;0.20647100000000002;3767
259;3.0;0;9;0;5;1;2;18.7667;0.461475;88.56255;0.164183;4760
87;2.436802973977695;0;3;0;1;1;1;10.5739;0.25757399999999997;45.3261;0.212204;2028
603;3.0;1;8;0;6;0;2;26.4667;0.618696;106.93755;0.244408;6053
701;2.436802973977695;1;12;0;6;0;2;11.9333;0.316904;121.00005;0.05970419999999999;5191
337;4.0;0;12;0;6;0;1;11.9667;0.310604;91.93755;0.0957833;3614
40;2.436802973977695;0;2;0;3;1;2;5.3913;0.144283;74.21745;0.188839;1605
518;2.436802973977695;1;6;0;5;1;2;26.1667;0.607962;113.31255;0.23756300000000002;4127
478;2.0;1;4;0;-1;0;3;15.8667;0.389504;125.31255;0.344546;1027
396;1.0;1;1;0;2;1;1;15.6;0.381317;62.50005;0.261817;4509
195;3.0;0;7;0;4;1;1;27.2333;0.635104;71.4375;0.24066700000000002;5084
268;4.0;0;9;0;0;0;2;25.3667;0.572637;126.75;0.0503792;5010
491;2.0;1;5;0;6;0;2;24.8667;0.584608;113.50005;0.15299200000000002;6883
278;4.0;0;10;0;3;1;1;21.5333;0.527138;97.18755;0.17725;4826
724;1.0;1;12;0;1;1;2;9.2522;0.2589;93.8451999116608;0.07723039999999999;920
186;3.0;0;7;0;2;1;1;29.8667;0.696338;88.56255;0.12625799999999998;4665
604;3.0;1;8;0;0;0;2;26.1333;0.595996;126.87495;0.228858;5255
476;2.0;1;4;0;5;1;1;21.0667;0.515775;104.18745;0.149871;7290
572;3.0;1;7;0;3;1;1;28.9667;0.654054;67.5;0.1648;8173
231;3.0;0;8;0;5;1;2;27.4;0.633221;108.43755;0.139308;4153
280;2.436802973977695;0;10;0;5;1;1;20.4333;0.504404;102.62505;0.0223917;4985
723;1.0;1;12;0;0;0;1;9.8333;0.259471;77.31255;0.13308299999999998;1787
95;2.0;0;4;0;2;1;2;16.5667;0.39835;96.31245;0.388067;1795
56;1.0;0;2;0;5;1;2;14.5739;0.350461;93.8451999116608;0.346539;1461
632;4.0;1;9;0;0;0;1;21.1667;0.518933;70.06245;0.22325799999999998;7907
371;1.0;1;1;0;5;1;1;13.3667;0.340267;81.31245;0.167908;4098
170;2.0;0;6;0;-1;0;2;27.9667;0.645846;100.00005;0.102;4744
218;3.0;0;8;0;6;0;2;28.6667;0.676154;93.8451999116608;0.22825;4294
155;2.0;0;6;0;6;0;1;25.4;0.594696;68.4375;-1.0;5342
492;2.0;1;5;0;0;0;2;22.5;0.546737;111.0;0.14987899999999998;6359
672;4.0;1;11;0;5;1;1;14.2;0.356042;78.31245;0.266175;5847
168;2.0;0;6;0;5;1;1;25.9667;0.600383;110.37495;0.143029;4844
389;1.0;1;1;0;2;1;1;13.7;0.349108;93.8451999116608;0.123767;4339
322;4.0;0;11;0;5;1;1;10.9667;0.272721;61.5;0.168533;3392
333;4.0;0;11;0;2;1;2;18.3333;0.451375;124.62495;0.258092;2914
126;2.0;0;5;0;5;1;1;19.1667;0.474117;93.8451999116608;0.228246;4608
504;2.0;1;5;0;5;1;1;22.5667;0.551121;78.49995;0.136817;7639
101;2.0;0;4;0;1;1;2;23.8261;0.565217;107.5434;0.324474;3348
456;2.0;1;3;0;6;0;2;16.9667;0.42170799999999997;110.74995;0.25061700000000003;6235
576;3.0;1;7;0;0;0;1;28.8667;0.667933;93.5625;0.170396;6597
355;1.0;0;12;0;3;1;2;17.1333;0.428017;128.74995;0.2214;2660
171;2.0;0;6;0;1;1;2;25.4;0.595346;111.9375;0.155475;4010
60;1.0;0;3;0;2;1;1;10.6667;0.263879;80.25;0.216425;1851
158;2.0;0;6;0;2;1;1;28.3;0.65595;89.68755;0.187808;4833
308;4.0;0;11;0;5;1;2;16.1333;0.40339200000000003;93.375;0.271779;4046
302;4.0;0;10;0;6;0;3;10.1667;0.227913;132.375;0.351371;627
731;1.0;1;12;0;1;1;2;8.6333;0.223487;86.625;0.154846;2729
432;2.436802973977695;1;3;0;3;1;1;16.1667;0.3851;76.99995;0.345779;4916
178;3.0;0;6;0;1;1;2;27.3;0.637004;98.74995;0.10758800000000002;4708
212;3.0;0;7;0;0;0;1;32.2333;0.729796;72.12495;0.16481300000000002;4302
553;3.0;1;7;0;5;1;1;33.1333;0.752533;67.62495;0.146142;6207
84;2.0;0;3;0;5;1;1;10.5667;0.256312;74.25;0.230725;2210
631;3.0;1;9;0;6;0;1;26.0;0.610488;97.00005;0.283583;53021
728;1.0;1;12;0;5;1;2;10.1333;0.255046;88.5;0.155471;3095
172;3.0;0;6;0;2;1;2;27.2333;0.637646;115.56255;0.171025;4835
618;2.436802973977695;1;9;0;0;0;1;24.4;0.578925;82.125;0.224496;8227
223;3.0;0;8;0;4;1;1;28.7;0.651521;63.5625;0.164796;4792
2;1.0;0;1;0;0;0;2;14.5391;0.35373899999999997;104.41305;0.24853899999999998;801
688;4.0;1;11;0;0;0;1;13.7;0.337746;103.93755;0.22761199999999998;4669
51;1.0;0;2;0;0;0;1;11.4087;0.27733;61.1739;0.223235;1812
147;2.0;0;5;0;5;1;1;27.2667;0.637008;98.0625;0.240679;4679
247;3.0;0;9;0;0;0;1;28.3667;0.665429;111.31245;0.206467;4940
570;3.0;1;7;0;1;1;1;29.6667;0.690017;104.12505;0.138683;6966
10;1.0;0;1;0;1;1;1;6.0333;0.15088800000000002;72.43755;0.22326700000000002;1321
217;3.0;0;8;0;5;1;1;28.4333;0.656567;94.62495;0.184696;4866
684;4.0;1;11;0;3;1;1;11.5667;0.281563;82.81245;0.199625;5495
75;1.0;0;3;0;3;1;2;14.6087;0.36693000000000003;116.4783;0.20311700000000002;2192
610;3.0;1;9;0;6;0;2;30.1333;0.702654;95.74995;0.113187;6140
544;3.0;1;6;0;3;1;1;27.9;0.640792;54.0;0.271775;7335
495;2.0;1;5;0;3;1;2;23.0;0.553025;111.62505;0.216412;4717
443;1.0;1;3;0;0;0;2;18.9;0.46399999999999997;121.5;0.126883;5892
561;3.0;1;7;0;6;0;2;28.1333;0.666042;104.87505;0.143679;6969
692;2.436802973977695;1;11;1;4;0;1;13.6;0.350371;87.06255;0.05287080000000001;2425
494;2.436802973977695;1;5;0;2;1;2;23.2667;0.557471;102.87495;0.296029;5728
99;2.0;0;4;0;6;0;2;13.7;0.34152899999999997;131.625;0.13308299999999998;2455
54;1.0;0;2;0;3;1;1;8.8696;0.24571700000000002;63.45645;0.094113;1917
250;3.0;0;9;0;3;1;3;23.9667;0.544229;137.56245;0.0970208;1996
131;2.0;0;5;0;3;1;1;21.7;0.5284;94.93755;0.12064200000000001;4182
500;2.0;1;5;0;1;1;2;22.9333;0.5499;118.43745;0.21269200000000002;2843
522;2.0;1;6;0;2;1;2;21.6333;0.525892;91.99995;0.209575;7001
538;3.0;1;6;0;4;1;1;32.2333;0.752542;85.18755;0.11878699999999999;5905
191;3.0;0;7;0;0;0;1;29.9;0.690025;86.74995;0.183471;4881
238;3.0;0;8;0;5;1;1;28.0;0.659733;114.1875;0.0839625;4661
80;2.0;0;3;0;1;1;2;17.2174;0.409735;110.60865;0.288783;2077
47;1.0;0;2;0;3;1;1;12.7304;0.3162;63.5217;0.251791;2115
6;1.0;0;1;0;4;1;1;8.1739;0.23320900000000003;77.73915;0.0895652;1606
414;1.0;1;2;0;6;0;1;13.8667;0.355425;80.18745;0.190929;4318
384;1.0;1;1;0;-1;1;1;7.6;0.190038;74.625;0.220158;3292
166;2.436802973977695;0;6;0;3;1;1;25.0667;0.587754;70.75005;0.16791199999999998;5180
375;1.0;1;1;0;2;1;1;12.3478;0.318826;96.9783;0.187552;3598
282;4.0;0;10;0;0;0;1;21.6333;0.523983;109.125;0.06345;5511
224;2.436802973977695;0;8;0;5;1;1;28.3333;0.654042;62.25;-1.0;4905
521;2.0;1;6;0;1;1;1;23.9;0.578283;73.06245;0.284833;6998
293;4.0;0;10;0;4;1;1;19.0333;0.466525;95.4375;0.422275;4195
635;4.0;1;9;0;3;1;1;25.4;0.5966130000000001;94.62495;0.2444;7733
215;3.0;0;8;0;3;1;2;29.2667;0.679937;98.625;0.13558299999999998;3574
607;3.0;1;8;0;3;1;1;27.4;0.635733;82.81245;0.112562;7697
177;3.0;0;6;0;0;0;1;27.2;0.637629;76.99995;0.09453330000000001;5305
36;1.0;0;2;0;6;0;2;9.3333;0.243058;139.37505;0.161079;1005
438;1.0;1;3;0;2;1;1;22.6;0.542929;92.625;0.23695;5847
461;2.436802973977695;1;4;0;4;1;1;17.4;0.431163;56.12505;0.219529;6457
311;4.0;0;11;0;-1;1;1;15.8;0.400871;113.8125;0.057225;4035
379;2.436802973977695;1;1;0;6;0;1;7.2;0.183087;68.625;0.187183;2493
391;1.0;1;1;0;4;1;2;13.6667;0.35605;115.43745;0.07339580000000001;4075
664;4.0;1;10;0;4;1;2;22.0;0.529688;120.06255;0.124375;7359
710;4.0;1;12;0;1;1;2;17.4333;0.435575;138.75;0.190308;5170
563;2.436802973977695;1;7;0;1;1;1;30.5333;0.724125;96.75;0.164187;6830
678;2.436802973977695;1;11;0;4;1;1;14.087;0.341891;50.0217;0.347835;5315
457;2.0;1;4;0;0;0;2;17.0333;0.41728699999999996;101.4375;0.172267;6041
625;3.0;1;9;0;0;0;1;23.2;0.563125;85.5;0.09018330000000001;7333
616;2.436802973977695;1;9;0;5;1;1;28.1333;0.657204;93.8451999116608;0.171646;7504
410;1.0;1;2;0;2;1;2;12.7667;0.333946;76.3125;0.141179;3922
130;2.0;0;5;0;2;1;1;21.3;0.522721;73.37505;0.11567100000000001;4803
319;4.0;0;11;0;2;1;2;21.2;0.507579;103.3125;0.199633;4195
225;3.0;0;8;0;6;0;2;27.4333;0.645858;109.43745;0.211454;4150
5;1.0;0;1;0;3;1;1;9.0783;0.22926999999999997;65.54355;0.1869;1600
150;2.0;0;5;1;1;0;1;29.3333;0.671092;102.75;0.131225;4098
727;1.0;1;12;0;4;1;2;10.1667;0.226642;97.93755;0.35013299999999997;2114
160;2.0;0;6;0;4;1;2;32.3333;0.757579;85.24995;0.149883;3915
207;3.0;0;7;0;2;1;1;30.8667;0.696979;81.12495;0.200258;4590
479;2.436802973977695;1;4;0;1;1;2;12.8667;0.301125;115.00005;0.303496;3214
381;1.0;1;1;1;1;0;1;7.6;0.190663;78.375;0.23135799999999998;2298
374;1.0;1;1;0;1;1;2;8.9667;0.247479;105.25005;0.0989;2376
118;2.436802973977695;0;4;0;4;1;2;24.7;0.578929;93.8451999116608;0.32090799999999997;4058
505;2.0;1;5;0;6;0;1;24.0;0.566908;68.4375;0.083975;42945
73;1.0;0;3;0;1;1;1;13.0087;0.332;74.54355;0.136926;2046
62;1.0;0;3;0;4;1;1;7.9333;0.200133;47.74995;0.225754;1685
530;2.0;1;6;0;3;1;1;26.2333;0.611117;87.31245;0.343279;7421
33;1.0;0;2;0;3;1;2;10.4;0.254417;116.31255;0.264308;1526
57;1.0;0;2;0;6;0;1;11.3;0.282192;80.68755;0.18657100000000001;1969
405;1.0;1;2;0;4;1;1;10.6;0.261988;84.31245;0.194037;3830
400;1.0;1;2;0;6;0;2;10.5667;0.272725;116.93745;0.121896;2832
392;2.436802973977695;1;1;0;5;1;2;17.0;0.415383;111.1875;0.342667;3456
613;3.0;1;9;0;2;1;1;29.0333;0.686888;113.25;0.236321;6864
29;1.0;0;1;0;6;0;1;7.8609;0.212126;93.8451999116608;0.14536500000000002;1098
475;2.0;1;4;0;4;1;1;19.9333;0.493046;91.875;0.0659292;6565
307;4.0;0;11;0;4;1;1;16.3333;0.405921;93.8451999116608;0.136817;3974
340;4.0;0;12;0;2;1;3;18.5;0.4564;142.43745;0.23258299999999998;2594
114;2.0;0;4;0;0;0;2;23.2667;0.551763;121.62495;0.192175;4191
674;4.0;1;11;0;0;0;1;13.0333;0.329538;79.93755;0.179108;5107
454;2.436802973977695;1;3;0;4;1;1;19.7667;0.482304;65.87505;0.31965;6133
165;2.0;0;6;0;2;1;1;24.1667;0.591546;76.06245;0.269283;4891
300;4.0;0;10;0;4;1;2;18.8;0.457046;121.93755;0.19776300000000002;2659
532;2.0;1;6;0;5;1;1;25.5667;0.599754;88.43745;0.176617;7665
560;3.0;1;7;0;5;1;2;29.2667;0.667933;72.87495;0.08085;7499
467;2.0;1;4;0;3;1;1;13.9478;0.33727399999999996;70.43475;0.295274;4862
567;3.0;1;7;0;5;1;2;26.6333;0.613025;126.62505;0.208967;5870
134;2.0;0;5;0;6;0;2;20.8333;0.500629;138.375;0.13495;3409
106;2.0;0;4;0;6;0;3;17.2333;0.425492;133.24995;0.340808;795
585;3.0;1;8;0;2;1;2;29.4333;0.697621;105.5625;0.116908;7273
325;4.0;0;11;0;1;1;3;17.9;0.445062;136.5;0.138054;2765
58;1.0;0;2;0;0;0;1;13.7391;0.351109;102.0;0.125248;2402
263;3.0;0;9;0;2;1;2;22.4667;0.532217;132.1875;0.134954;3641
386;1.0;1;1;0;6;0;2;6.9333;0.174875;124.6875;0.222642;1301
153;2.0;0;6;0;4;1;1;28.6;0.643942;45.75;0.29228699999999996;4968
451;2.0;1;3;0;1;1;1;17.8333;0.43875;71.68755;0.386821;5558
537;2.0;1;6;0;3;1;1;31.3;0.720975;88.81245;0.11381199999999998;6211
419;1.0;1;2;0;4;1;1;18.1667;0.444446;83.18745;0.190913;5062
152;2.0;0;6;0;3;1;2;30.5667;0.720967;101.56245;0.207092;3974
445;1.0;1;3;0;2;1;1;22.4333;0.538533;121.18755;0.121271;6093
275;4.0;0;10;0;0;0;2;14.2667;0.345317;118.75005;0.22201300000000002;2918
668;4.0;1;10;0;1;1;3;17.6;0.4394;132.0;0.3582;22
644;4.0;1;10;0;5;1;1;24.6;0.580187;94.125;0.10635;8156
127;2.0;0;5;0;6;0;1;20.8;0.512621;81.1875;0.16045;4714
376;1.0;1;1;0;3;1;2;10.9667;0.282821;127.125;0.131221;2177
236;3.0;0;8;0;3;1;1;26.9333;0.630692;90.75;-1.0;5130
573;3.0;1;7;0;4;1;1;31.0667;0.739263;89.50005;0.28481300000000004;6861
645;4.0;1;10;0;6;0;1;22.1667;0.538521;99.62505;0.268025;7965
370;2.436802973977695;1;1;0;4;1;1;10.6333;0.278412;78.62505;0.129987;3272
125;2.436802973977695;0;5;0;4;1;1;18.3667;0.441917;66.62505;0.295392;4433
21;1.0;0;1;0;5;1;1;7.1;0.157833;68.56245;0.353242;1543
351;4.0;0;12;0;-1;0;2;10.3333;0.249371;84.12495;0.243167;2739
659;4.0;1;10;0;6;0;1;19.3667;0.472842;85.93755;0.11753699999999999;8090
345;4.0;0;12;0;-1;0;1;8.8333;0.253154;93.8451999116608;0.0665417;2743
528;2.0;1;6;0;1;1;2;28.8333;0.659721;88.18755;0.207713;6664
493;2.0;1;5;0;1;1;2;21.5;0.527142;99.62505;0.230721;6273
270;4.0;0;9;0;2;1;2;25.4667;0.574525;132.81255;0.118171;4120
82;2.0;0;3;0;3;1;2;13.8783;0.337939;125.93475;0.23426100000000002;2121
642;4.0;1;10;0;3;1;2;26.3;0.599133;119.0625;0.0665458;7572
611;3.0;1;9;0;0;0;2;27.8667;0.649;122.25;0.06407080000000001;5810
720;4.0;1;12;0;4;1;2;13.2;0.335217;100.18755;0.132463;4128
525;2.0;1;6;0;5;1;1;25.9667;0.597862;70.18755;0.17538299999999998;7736
338;4.0;0;12;0;0;0;1;13.2333;0.3491;116.37495;0.08395830000000001;3485
715;4.0;1;12;0;6;0;1;12.9667;0.338383;97.56255;0.10635;5047
402;1.0;1;2;0;1;1;1;11.3044;0.296426;93.3261;0.1538;3784
43;1.0;0;2;0;6;0;1;8.9;0.232954;81.62505;0.20336700000000002;1472
448;2.0;1;3;0;5;1;2;24.0667;0.570067;104.12505;0.1163;32043
46;1.0;0;2;0;2;1;1;10.6435;0.254274;47.1522;0.29137399999999997;1815
156;2.0;0;6;0;0;0;2;25.9333;0.616804;97.875;0.138692;4906
149;2.0;0;5;0;0;0;1;26.7;0.61555;93.8451999116608;0.21393800000000002;4788
199;3.0;0;7;0;1;1;1;29.8667;0.703925;97.6875;0.215804;4458
123;2.0;0;5;0;2;1;2;24.6667;0.582079;104.56245;0.342667;4451
520;2.0;1;6;0;0;0;1;24.1;0.575133;73.99995;0.184087;7641
294;4.0;0;10;0;5;1;1;17.1;0.42359600000000003;86.12505;0.221396;4304
364;1.0;0;12;0;5;1;1;12.4667;0.318812;95.50005;0.13433699999999998;2999
289;4.0;0;10;0;0;0;1;20.4667;0.503154;73.00005;0.281717;5041
111;2.0;0;4;0;4;1;1;18.3667;0.453892;61.06245;0.325258;4189
671;4.0;1;11;0;4;1;2;14.6333;0.369942;87.25005;0.157346;5986
382;1.0;1;1;0;2;1;2;14.9217;0.36427800000000005;107.41305;0.34913;2935
558;3.0;1;7;0;3;1;1;28.6667;0.650271;94.99995;0.15173299999999998;7264
507;2.0;1;5;0;1;1;2;23.9333;0.565667;93.8451999116608;0.233204;4359
539;3.0;1;6;0;5;1;1;31.1;0.724121;86.0625;0.182842;5823
329;2.436802973977695;0;11;0;5;1;1;15.0;0.380671;96.5625;0.0988958;2792
403;1.0;1;2;0;2;1;1;14.1667;0.361104;74.4375;0.147379;4375
138;2.0;0;5;0;3;1;2;22.0;0.527158;93.8451999116608;0.201492;3855
297;4.0;0;10;0;1;1;1;18.5333;0.457067;115.81245;0.11879200000000001;4187
28;1.0;0;1;0;5;1;2;8.1391;0.22331700000000002;118.95645;0.1233;1167
667;2.436802973977695;1;10;0;0;0;2;19.1;0.467771;104.18745;0.398008;4459
122;2.0;0;5;0;1;1;2;21.9667;0.532833;93.8451999116608;0.183454;4401
37;1.0;0;2;0;0;0;1;11.4333;0.291671;85.24995;0.1418;1623
292;4.0;0;10;0;3;1;3;21.6696;0.513848;134.28255;0.243339;2424
535;2.0;1;6;0;1;1;2;22.7333;0.544842;116.68755;0.174746;5099
468;2.0;1;4;0;4;1;1;15.9;0.387604;69.9375;0.290429;5409
164;2.0;0;6;0;1;1;1;25.4;0.601654;74.18745;0.30535;5020
96;2.0;0;4;0;3;1;1;15.6333;0.387608;70.62495;0.263063;2808
482;2.0;1;4;0;4;1;2;19.9333;0.483583;93.8451999116608;0.176625;5026
205;3.0;0;7;0;0;0;1;33.2;0.794829;82.62495;0.16917100000000002;3606
174;3.0;0;6;0;4;1;2;29.1333;0.693833;105.49995;0.238804;4790
589;2.436802973977695;1;8;0;6;0;2;27.7;0.638267;109.93755;0.206479;6299
230;3.0;0;8;0;4;1;1;28.4667;0.662258;98.18745;0.233208;3805
649;4.0;1;10;0;3;1;1;20.5667;0.503142;94.62495;0.18782100000000002;7691
265;3.0;0;9;0;4;1;2;25.1333;0.554963;135.31245;0.128125;4795
79;1.0;0;3;0;0;0;1;13.3;0.32575;71.0625;0.20772100000000002;2471
434;1.0;1;3;0;5;1;2;16.4333;0.397083;61.06245;0.4148;4569
393;1.0;1;1;0;6;0;1;12.6333;0.326379;81.49995;0.210829;4023
143;2.436802973977695;0;5;0;1;1;2;25.2667;0.590296;121.5;0.233842;4274
543;3.0;1;6;0;2;1;1;25.2333;0.594704;55.99995;0.347642;7442
26;1.0;0;1;0;3;1;3;8.7;0.2036;129.375;0.29385;506
112;2.0;0;4;0;5;1;2;13.4667;0.321954;109.43745;0.219521;1683
41;1.0;0;2;0;4;1;1;5.7739;0.14954800000000001;65.60865;0.221935;1538
719;2.436802973977695;1;12;0;3;1;1;13.3;0.34216199999999997;93.81255;0.184092;5267
429;1.0;1;3;0;0;0;1;13.0333;0.303021;60.49995;0.334571;3423
600;3.0;1;8;0;3;1;1;26.7;0.621854;101.56245;0.0702833;7375
663;4.0;1;10;0;3;1;1;23.5;0.558721;95.4375;0.07277919999999999;7693
463;2.0;1;4;0;6;0;1;17.5;0.426129;38.12505;0.274871;6857
104;2.0;0;4;0;4;1;1;18.7;0.462742;81.06255;0.1107;3267
395;1.0;1;1;0;1;1;1;10.7667;0.262625;60.12495;0.215792;3624
226;3.0;0;8;0;0;0;2;27.0667;0.624388;122.625;0.222633;3820
309;4.0;0;11;0;6;0;1;13.0667;0.323854;77.87505;0.18906199999999998;3926
624;3.0;1;9;0;6;0;1;24.3333;0.585867;75.25005;0.247521;35932
256;3.0;0;9;0;2;1;1;26.0333;0.603554;106.875;0.14180399999999999;4763
679;2.436802973977695;1;11;0;5;1;1;14.4667;0.35541300000000003;81.12495;0.214558;5992
647;4.0;1;10;1;1;0;2;15.3333;0.387608;106.43745;0.189679;5478
423;1.0;1;2;0;1;1;1;14.6667;0.357954;73.62495;0.26803299999999997;4322
622;3.0;1;9;0;4;1;1;24.5;0.579558;95.56245;0.08272080000000001;7804
662;4.0;1;10;0;2;1;1;21.7667;0.530304;93.8451999116608;0.09454580000000001;7466
629;3.0;1;9;0;4;1;1;21.8667;0.532192;92.74995;0.11816700000000001;7720
707;4.0;1;12;0;5;1;2;12.8333;0.32195799999999997;114.62505;0.1306;5008
601;3.0;1;8;0;4;1;1;27.8333;0.637008;95.37495;0.08459580000000001;7765
486;2.0;1;4;0;1;1;2;18.5667;0.457696;85.5;0.171638;5572
140;2.0;0;5;0;5;1;1;21.4667;0.529042;107.93745;0.125013;4917
187;3.0;0;7;0;3;1;1;28.8;0.685633;111.49995;0.149883;4629
330;4.0;0;11;0;6;0;1;15.0333;0.385087;102.25005;0.0684208;3068
249;3.0;0;9;0;2;1;3;21.6;0.5152;133.04355;0.343943;2710
98;2.0;0;4;0;5;1;2;13.4333;0.324479;125.4375;0.226992;1471
584;3.0;1;8;0;1;1;2;30.1;0.710246;98.12505;0.129354;7013
115;2.0;0;4;0;1;1;1;24.2667;0.5745;116.50005;0.185333;4073
288;4.0;0;10;0;6;0;1;20.2667;0.498725;72.49995;0.258083;5217
48;1.0;0;2;0;4;1;1;17.4333;0.428658;75.75;0.230104;2475
617;3.0;1;9;0;6;0;2;26.3667;0.611121;119.87505;0.281104;5976
655;4.0;1;10;0;2;1;1;18.7333;0.460846;83.74995;0.182221;7534
50;2.436802973977695;0;2;0;6;0;1;15.9667;0.391404;28.18755;0.507463;1635
52;1.0;0;2;1;1;0;2;12.1333;0.284075;90.75;0.307846;1107
404;1.0;1;2;0;3;1;2;10.2667;0.266421;108.43755;0.133721;2802
418;1.0;1;2;0;3;1;1;15.8333;0.392667;85.18755;0.234471;4773
258;2.436802973977695;0;9;0;4;1;2;23.1;0.553671;106.37505;0.271146;3659
262;3.0;0;9;0;1;1;2;21.9667;0.529675;103.5;0.15174200000000002;4539
581;3.0;1;8;0;5;1;2;30.6333;0.722867;96.375;0.215792;7175
623;3.0;1;9;0;5;1;1;25.3333;0.594083;100.875;0.10386300000000001;8009
279;4.0;0;10;0;4;1;1;19.7667;0.480425;93.12495;0.134954;4765
348;2.436802973977695;0;12;0;-1;1;2;12.7;0.338362;99.5625;0.06095830000000001;3740
264;3.0;0;9;0;3;1;2;23.8;0.5505329999999999;135.0;0.0964042;4352
536;2.0;1;6;0;2;1;1;27.5333;0.654692;103.5;0.148017;6825
328;4.0;0;11;1;4;0;1;14.9333;0.372471;82.37505;0.167304;1495
68;1.0;0;3;0;3;1;2;11.8333;0.286608;116.31255;0.22015;1891
107;2.0;0;4;0;-1;0;1;18.2667;0.445696;71.93745;0.303496;3744
430;1.0;1;3;0;1;1;1;9.7333;0.241171;75.9375;0.228858;3333
334;4.0;0;11;0;3;1;1;13.0;0.311221;91.99995;0.271158;3613
575;3.0;1;7;0;6;0;1;30.2333;0.697604;91.99995;0.15735;6685
176;2.436802973977695;0;6;0;6;0;1;27.8;0.643313;72.49995;0.209571;5202
219;3.0;0;8;0;0;0;1;29.7;0.715292;112.93755;0.201487;3785
19;1.0;0;1;0;3;1;2;11.687;0.29842199999999997;111.26085;0.208317;1650
93;2.0;0;4;0;0;0;1;15.1333;0.378767;72.0;0.182213;3249
686;4.0;1;11;0;5;1;1;13.8;0.347204;78.68745;0.171025;5698
76;1.0;0;3;0;4;1;1;16.6;0.410333;90.43755;0.209579;2744
72;1.0;0;3;0;0;0;1;15.3739;0.380091;79.10865;0.270604;2417
523;2.0;1;6;0;3;1;1;22.1667;0.542292;91.6875;0.077125;7055
534;2.0;1;6;0;0;0;1;23.7;0.571975;89.8125;0.144904;6978
237;3.0;0;8;0;4;1;2;27.3667;0.645854;115.75005;0.210833;3542
192;3.0;0;7;0;1;1;1;30.5;0.729804;95.37495;0.282337;4086
480;2.0;1;4;0;2;1;1;16.5333;0.405283;68.12505;0.249383;5633
356;1.0;0;12;0;4;1;2;16.9333;0.426121;113.625;0.047275;3068
621;3.0;1;9;0;3;1;1;23.9667;0.570075;86.56245;0.131846;7870
568;3.0;1;7;0;6;0;3;23.8333;0.549912;129.81255;0.2133;4459
295;4.0;0;10;0;6;0;1;16.9;0.425492;94.37505;0.09266669999999999;4308
324;4.0;0;11;0;0;0;2;18.5333;0.457058;102.68745;0.18595;3520
460;2.0;1;4;0;3;1;1;21.6667;0.53345;70.43745;0.180975;6436
449;2.0;1;3;0;6;0;2;20.1;0.48673299999999997;132.81255;0.19278299999999998;3372
318;4.0;0;11;0;-1;1;1;21.2;0.524612;88.06245;0.306596;4486
331;4.0;0;11;0;0;0;1;18.3667;0.4558;104.74995;0.208954;3071
17;1.0;0;1;1;1;0;2;7.0333;0.176771;80.625;0.194017;1000
22;1.0;0;1;0;6;0;1;2.3652;0.0790696;60.0;0.17197;981
677;4.0;1;11;0;3;1;2;11.8333;0.274621;82.125;0.304108;5035
380;1.0;1;1;0;0;0;1;6.6667;0.161625;62.87505;0.251258;2311
222;3.0;0;8;0;3;1;1;30.6667;0.684983;63.62505;0.200258;4780
39;1.0;0;2;0;2;1;1;8.8333;0.198246;80.68755;0.36195;1530
182;3.0;0;7;0;5;1;1;28.9;0.652162;59.4375;0.10260799999999999;5362
235;2.436802973977695;0;8;0;2;1;1;25.6333;0.606067;68.31255;0.146763;5895
630;3.0;1;9;0;5;1;1;23.9667;0.571971;100.3125;0.154229;8167
344;4.0;0;12;0;6;0;1;11.0;0.266412;76.125;0.233221;3190
516;2.0;1;5;0;3;1;2;26.2667;0.611129;100.5;0.134329;6855
128;2.0;0;5;0;0;0;1;21.1333;0.518933;94.75005;0.0746375;4333
326;4.0;0;11;0;2;1;3;16.6667;0.421696;144.375;0.11879200000000001;1607
327;4.0;0;11;0;3;1;2;17.6333;0.430537;113.68755;0.335825;2566
286;4.0;0;10;0;4;1;2;23.5667;0.551804;134.50005;0.141787;2913
470;2.0;1;4;0;6;0;1;19.8;0.487996;75.43755;0.190917;7460
15;1.0;0;1;0;6;0;2;9.3333;0.248112;74.8125;0.15796300000000002;1248
25;1.0;0;1;0;2;1;2;8.9391;0.234526;92.54355;0.129796;1985
216;3.0;0;8;0;4;1;2;28.4;0.664788;113.625;0.19715;4576
660;4.0;1;10;0;0;0;1;18.5667;0.456429;76.5;0.166054;6824
513;2.0;1;5;0;0;0;1;27.6;0.641425;104.56245;0.215171;6591
691;4.0;1;11;0;3;1;1;14.1333;0.364892;92.0625;0.103246;5146
614;3.0;1;9;0;3;1;1;29.4667;0.708983;111.1875;0.187808;7112
137;2.0;0;5;0;2;1;2;22.4667;0.538529;125.68755;0.277354;4123
136;2.0;0;5;0;1;1;1;23.1;0.550512;118.18755;0.126871;3958
383;1.0;1;1;0;3;1;1;12.1333;0.275254;66.49995;0.415429;3376
697;4.0;1;11;0;2;1;2;11.6667;0.281558;118.00005;0.237562;3959
729;1.0;1;12;0;6;0;2;10.1333;0.2424;112.93755;0.124383;1341
301;4.0;0;10;0;5;1;2;13.2333;0.318812;87.87495;0.229479;3747
124;2.436802973977695;0;5;0;3;1;2;16.5667;0.40465;110.56245;0.328996;2633
148;2.0;0;5;0;6;0;1;26.2333;0.612379;109.43745;0.23009200000000002;4758
306;4.0;0;11;0;3;1;1;15.1;0.390133;107.8125;0.08209169999999999;4186
546;3.0;1;6;0;5;1;1;33.3667;0.786613;73.3125;0.165417;5463
23;1.0;0;1;0;0;0;1;3.8609;0.09883910000000001;65.4783;0.2466;986
675;4.0;1;11;0;1;1;1;12.7667;0.308075;74.12505;0.236325;5259
281;4.0;0;10;0;6;0;1;20.8667;0.513242;93.8451999116608;0.0454042;5409
633;4.0;1;9;0;1;1;1;20.5667;0.502513;73.93755;0.142404;7436
45;1.0;0;2;0;1;1;1;16.6;0.39835;56.37495;0.417908;1913
139;2.0;0;5;0;4;1;2;21.2333;0.510742;124.43745;0.10821300000000002;4575
77;1.0;0;3;0;5;1;1;21.6;0.5270090000000001;78.78255;0.231017;3239
108;2.436802973977695;0;4;0;1;1;1;20.5;0.503146;81.375;0.16356700000000002;3429
204;3.0;0;7;0;6;0;1;33.9667;0.804287;75.0;0.131221;3285
245;3.0;0;9;0;5;1;2;25.7333;0.604808;93.8451999116608;0.139929;4727
411;1.0;1;2;0;3;1;1;13.9333;0.35162899999999997;79.6875;0.1816;4169
444;1.0;1;3;0;1;1;1;21.8;0.532821;109.3125;0.16231700000000002;6153
369;1.0;1;1;0;3;1;2;4.3;0.11933699999999998;62.18745;0.1847;2368
717;4.0;1;12;0;1;1;2;15.7333;0.4015;136.06245;0.0982583;4585
462;2.0;1;4;0;5;1;1;16.1333;0.39076700000000003;93.8451999116608;0.300388;6460
336;2.436802973977695;0;12;0;5;1;1;12.5667;0.331433;93.87495;0.100754;3940
78;1.0;0;3;0;6;0;1;18.9;0.466525;56.87505;0.368167;3117
81;2.436802973977695;0;3;0;2;1;1;17.6667;0.44064200000000003;93.68745;0.22575;2703
377;1.0;1;1;0;4;1;2;15.3;0.381938;120.43755;0.18096700000000002;4097
299;4.0;0;10;0;3;1;2;19.3667;0.472846;108.06255;0.148642;3894
497;2.0;1;5;0;5;1;1;21.3333;0.520833;54.06255;0.23693699999999998;7030
